,Mental Health,Rural Primary Care,Diagnostics,Digital Health,Elderly Care
Market Size,0.0,0.135,1.335,0.63,1.5
CAGR,1.775,0.2,0.0,2.5,0.975
Disease Burden,0.03,1.5,0.9899999999999999,0.735,0.0
Supply Gap,1.305,1.2149999999999999,0.6749999999999999,0.0,1.5
Policy Tailwinds,0.6000000000000001,1.0,0.7000000000000001,0.9,0.5
Digital Readiness,0.7000000000000001,0.5,0.9,1.0,0.4
Competition (inv.),0.4,0.35000000000000003,0.1,0.15000000000000002,0.4
Capital Efficiency,0.4,0.25,0.35000000000000003,0.45,0.30000000000000004
